-- =============================================================================
-- V3_18__seed_business_data.sql
-- 业务模块测试种子数据
-- 按依赖顺序插入 13 组数据：sys_dept → sys_user → asset_category → location → manufacturer → vendor → asset → idle_asset_notice → work_order → maintenance_record → retirement_application → approval_process → approval_record → asset_compensation
-- 所有 INSERT 使用 ON DUPLICATE KEY UPDATE 保证幂等（基于主键 ID 冲突检测）
-- 本迁移文件为可重复执行迁移，不包含 USE ams_db; 以保持与现有迁移文件一致
-- =============================================================================

-- =============================================================================
-- 1. sys_dept — 7 个业务部门（父级 id=1 '总公司' 已在 schema.sql 中创建）
-- =============================================================================
INSERT INTO sys_dept (id, dept_name, dept_code, parent_id, sort_order, leader, phone, status, dept_type, description) VALUES
(2, '财务部', 'FIN', 1, 1, '张明', '13800138001', 1, 'DEPT', '公司财务核算与预算管理部门'),
(3, '行政部', 'ADMIN', 1, 2, '李芳', '13800138002', 1, 'DEPT', '行政后勤与办公保障部门'),
(4, '信息技术部', 'IT', 1, 3, '王强', '13800138003', 1, 'DEPT', '信息化建设与系统运维部门'),
(5, '资产管理部', 'ASSET', 1, 4, '陈静', '13800138004', 1, 'DEPT', '固定资产管理与盘点部门'),
(6, '研发部', 'R&D', 1, 5, '刘伟', '13800138005', 1, 'DEPT', '产品研发与技术创新部门'),
(7, '生产制造部', 'PROD', 1, 6, '赵磊', '13800138006', 1, 'DEPT', '生产制造与质量控制部门'),
(8, '人力资源部', 'HR', 1, 7, '孙婷', '13800138007', 1, 'DEPT', '招聘培训与员工关系部门')
ON DUPLICATE KEY UPDATE dept_name = VALUES(dept_name), leader = VALUES(leader), phone = VALUES(phone), description = VALUES(description);

-- =============================================================================
-- 2. sys_user — 14 个业务用户（密码统一为 BCrypt 加密的 '123456'）
-- =============================================================================
INSERT INTO sys_user (id, username, password, real_name, email, phone, status, dept_id) VALUES
(2, 'zhangming', '$2a$10$N9qo8uLOickgx2ZMRZoMyeIjZAgcfl7p92ldGxad68LJZdL17lhWy', '张明', 'zhangming@ams.com', '13800138001', 1, 2),
(3, 'lifang', '$2a$10$N9qo8uLOickgx2ZMRZoMyeIjZAgcfl7p92ldGxad68LJZdL17lhWy', '李芳', 'lifang@ams.com', '13800138002', 1, 3),
(4, 'wangqiang', '$2a$10$N9qo8uLOickgx2ZMRZoMyeIjZAgcfl7p92ldGxad68LJZdL17lhWy', '王强', 'wangqiang@ams.com', '13800138003', 1, 4),
(5, 'chenjing', '$2a$10$N9qo8uLOickgx2ZMRZoMyeIjZAgcfl7p92ldGxad68LJZdL17lhWy', '陈静', 'chenjing@ams.com', '13800138004', 1, 5),
(6, 'liuwei', '$2a$10$N9qo8uLOickgx2ZMRZoMyeIjZAgcfl7p92ldGxad68LJZdL17lhWy', '刘伟', 'liuwei@ams.com', '13800138005', 1, 6),
(7, 'zhaolei', '$2a$10$N9qo8uLOickgx2ZMRZoMyeIjZAgcfl7p92ldGxad68LJZdL17lhWy', '赵磊', 'zhaolei@ams.com', '13800138006', 1, 7),
(8, 'sunting', '$2a$10$N9qo8uLOickgx2ZMRZoMyeIjZAgcfl7p92ldGxad68LJZdL17lhWy', '孙婷', 'sunting@ams.com', '13800138007', 1, 8),
(9, 'zhouhao', '$2a$10$N9qo8uLOickgx2ZMRZoMyeIjZAgcfl7p92ldGxad68LJZdL17lhWy', '周昊', 'zhouhao@ams.com', '13800138008', 1, 4),
(10, 'wujuan', '$2a$10$N9qo8uLOickgx2ZMRZoMyeIjZAgcfl7p92ldGxad68LJZdL17lhWy', '吴娟', 'wujuan@ams.com', '13800138009', 1, 5),
(11, 'huanglei', '$2a$10$N9qo8uLOickgx2ZMRZoMyeIjZAgcfl7p92ldGxad68LJZdL17lhWy', '黄磊', 'huanglei@ams.com', '13800138010', 1, 6),
(12, 'xuming', '$2a$10$N9qo8uLOickgx2ZMRZoMyeIjZAgcfl7p92ldGxad68LJZdL17lhWy', '许明', 'xuming@ams.com', '13800138011', 1, 7),
(13, 'yangli', '$2a$10$N9qo8uLOickgx2ZMRZoMyeIjZAgcfl7p92ldGxad68LJZdL17lhWy', '杨丽', 'yangli@ams.com', '13800138012', 1, 2),
(14, 'dengchao', '$2a$10$N9qo8uLOickgx2ZMRZoMyeIjZAgcfl7p92ldGxad68LJZdL17lhWy', '邓超', 'dengchao@ams.com', '13800138013', 1, 3),
(15, 'fanbing', '$2a$10$N9qo8uLOickgx2ZMRZoMyeIjZAgcfl7p92ldGxad68LJZdL17lhWy', '范冰', 'fanbing@ams.com', '13800138014', 1, 8)
ON DUPLICATE KEY UPDATE real_name = VALUES(real_name), email = VALUES(email), phone = VALUES(phone), dept_id = VALUES(dept_id);

-- =============================================================================
-- 3. asset_category — 11 个资产分类
-- =============================================================================
INSERT INTO asset_category (id, category_name, category_code, parent_id, sort_order, description) VALUES
(1, '电子设备', 'ELEC', 0, 1, '计算机、服务器、网络设备等'),
(2, '办公设备', 'OFFICE', 0, 2, '打印机、复印机、扫描仪等'),
(3, '家具', 'FURN', 0, 3, '办公桌椅、文件柜、沙发等'),
(4, '交通工具', 'VEHICLE', 0, 4, '公务用车、电动车等'),
(5, '机械设备', 'MACH', 0, 5, '生产设备、加工设备等'),
(6, '仪器仪表', 'INST', 0, 6, '测试仪器、测量工具等'),
(7, '软件', 'SOFT', 0, 7, '企业软件、操作系统等'),
(8, '通讯设备', 'COMM', 0, 8, '电话交换机、对讲机等'),
(9, '安防设备', 'SECURITY', 0, 9, '监控摄像头、门禁系统等'),
(10, '厨房设备', 'KITCHEN', 0, 10, '冰箱、微波炉、饮水机等'),
(11, '文体设备', 'SPORT', 0, 11, '健身器材、音响设备等')
ON DUPLICATE KEY UPDATE category_name = VALUES(category_name), description = VALUES(description);

-- =============================================================================
-- 4. location — 11 个位置
-- =============================================================================
INSERT INTO location (id, name, location_code, parent_id, sort_order, description, status) VALUES
(1, '北京总部', 'BJ-HQ', NULL, 1, '北京市朝阳区建国路88号', 1),
(2, '上海分公司', 'SH-BR', NULL, 2, '上海市浦东新区陆家嘴金融区', 1),
(3, '深圳分公司', 'SZ-BR', NULL, 3, '深圳市南山区科技园', 1),
(4, '广州分公司', 'GZ-BR', NULL, 4, '广州市天河区珠江新城', 1),
(5, '成都分公司', 'CD-BR', NULL, 5, '成都市高新区天府软件园', 1),
(6, '武汉分公司', 'WH-BR', NULL, 6, '武汉市东湖高新区光谷', 1),
(7, '杭州研发中心', 'HZ-RD', NULL, 7, '杭州市西湖区文三路', 1),
(8, '南京研发中心', 'NJ-RD', NULL, 8, '南京市雨花台区软件大道', 1),
(9, '西安办事处', 'XA-OFF', NULL, 9, '西安市高新区锦业路', 1),
(10, '天津仓库', 'TJ-WH', NULL, 10, '天津市滨海新区仓储物流区', 1),
(11, '重庆服务中心', 'CQ-SC', NULL, 11, '重庆市渝北区新牌坊', 1)
ON DUPLICATE KEY UPDATE name = VALUES(name), description = VALUES(description);

-- =============================================================================
-- 5. manufacturer — 7 个制造商
-- =============================================================================
INSERT INTO manufacturer (id, name, code, contact, phone, email, website, country, address, status, remark) VALUES
(1, '联想集团', 'LENOVO', '张经理', '010-88886666', 'contact@lenovo.com', 'https://www.lenovo.com.cn', '中国', '北京市海淀区上地信息产业基地', 0, 'PC及服务器制造商'),
(2, '华为技术有限公司', 'HUAWEI', '李经理', '0755-88888888', 'contact@huawei.com', 'https://www.huawei.com', '中国', '深圳市龙岗区坂田华为基地', 0, '通信设备及IT基础设施制造商'),
(3, '戴尔科技集团', 'DELL', '王经理', '010-88887777', 'contact@dell.com', 'https://www.dell.com', '美国', '北京市朝阳区建国路92号', 0, 'PC及企业级设备制造商'),
(4, '惠普公司', 'HP', '赵经理', '021-88886666', 'contact@hp.com', 'https://www.hp.com', '美国', '上海市浦东新区张江高科技园区', 0, '打印及计算设备制造商'),
(5, '三菱重工', 'MHI', '刘经理', '021-88885555', 'contact@mhi.com', 'https://www.mhi.com', '日本', '上海市静安区南京西路', 0, '工业设备制造商'),
(6, '西门子股份有限公司', 'SIEMENS', '陈经理', '010-88884444', 'contact@siemens.com', 'https://www.siemens.com', '德国', '北京市朝阳区望京科技园', 0, '工业自动化及医疗设备制造商'),
(7, '海尔集团', 'HAIER', '孙经理', '0532-88883333', 'contact@haier.com', 'https://www.haier.com', '中国', '青岛市崴山区海尔工业园', 0, '家电及商用设备制造商')
ON DUPLICATE KEY UPDATE name = VALUES(name), contact = VALUES(contact), phone = VALUES(phone), email = VALUES(email);

-- =============================================================================
-- 6. vendor — 7 个供应商
-- =============================================================================
INSERT INTO vendor (id, name, vendor_code, contact_person, contact_phone, contact_email, address, status) VALUES
(1, '北京创新科技有限公司', 'V-BJ-001', '陈经理', '010-66661111', 'chen@innotech.com', '北京市海淀区中关村大街1号', 1),
(2, '上海锐达信息技术有限公司', 'V-SH-001', '林经理', '021-66662222', 'lin@ruida.com', '上海市浦东新区张江路88号', 1),
(3, '深圳华强电子有限公司', 'V-SZ-001', '黄经理', '0755-66663333', 'huang@hqelec.com', '深圳市福田区华强北路', 1),
(4, '广州盛达办公设备有限公司', 'V-GZ-001', '周经理', '020-66664444', 'zhou@shengda.com', '广州市天河区天河路385号', 1),
(5, '成都天府软件有限公司', 'V-CD-001', '吴经理', '028-66665555', 'wu@tianfusw.com', '成都市高新区天府大道', 1),
(6, '杭州云创网络科技有限公司', 'V-HZ-001', '钱经理', '0571-66667777', 'qian@yuncreate.com', '杭州市西湖区文三路478号', 1),
(7, '武汉精诚办公设备有限公司', 'V-WH-001', '杨经理', '027-66668888', 'yang@jingcheng.com', '武汉市洪山区洛瞹路', 1)
ON DUPLICATE KEY UPDATE name = VALUES(name), contact_person = VALUES(contact_person), contact_phone = VALUES(contact_phone), contact_email = VALUES(contact_email);


-- =============================================================================
-- 7. asset — 50 条资产（分散在北京、上海、深圳等城市，坐标非零）
-- =============================================================================
INSERT INTO asset (id, tenant_id, asset_no, asset_name, category_id, model, brand, supplier, serial_no, original_value, current_value, purchase_date, warranty_period, depreciation_rate, status, dept_id, user_id, location, rfid_tag, is_important, description, location_lat, location_lng) VALUES
(1, 'dept:1', 'AST-2024-001', 'ThinkPad X1 Carbon 笔记本', 1, 'X1C-Gen11', '联想', '北京创新科技有限公司', 'SN-LEN-001', 15999.00, 11999.00, '2024-01-15', 36, 8.33, 'IN_USE', 4, 4, '北京总部-IT部', 'RFID-ASSET-001', 1, '信息技术部主力开发笔记本', 39.9042000, 116.4074000),
(2, 'dept:1', 'AST-2024-002', 'ThinkPad X1 Carbon 笔记本', 1, 'X1C-Gen11', '联想', '北京创新科技有限公司', 'SN-LEN-002', 15999.00, 11999.00, '2024-01-15', 36, 8.33, 'IN_USE', 4, 9, '北京总部-IT部', 'RFID-ASSET-002', 1, '开发团队主力笔记本', 39.9045000, 116.4080000),
(3, 'dept:1', 'AST-2024-003', 'MacBook Pro 16寸', 1, 'MBP-2023-M3', '苹果', '上海锐达信息技术有限公司', 'SN-APL-001', 24999.00, 19999.00, '2024-02-01', 36, 8.33, 'IN_USE', 6, 6, '上海分公司-研发部', 'RFID-ASSET-003', 1, '研发部UI设计专用', 31.2304000, 121.4737000),
(4, 'dept:1', 'AST-2024-004', 'Dell PowerEdge R750 服务器', 1, 'R750', '戴尔', '北京创新科技有限公司', 'SN-DELL-001', 128000.00, 112000.00, '2024-01-20', 60, 5.00, 'IN_USE', 4, 4, '北京总部-机房', 'RFID-ASSET-004', 1, '核心业务系统服务器', 39.9050000, 116.4078000),
(5, 'dept:1', 'AST-2024-005', '华为 S5700 交换机', 8, 'S5700-48P', '华为', '深圳华强电子有限公司', 'SN-HW-001', 8500.00, 6500.00, '2024-01-10', 48, 4.17, 'IN_USE', 4, 4, '北京总部-机房', 'RFID-ASSET-005', 0, '核心网络交换机', 39.9052000, 116.4082000),
(6, 'dept:1', 'AST-2024-006', 'HP LaserJet Pro M404dn 打印机', 2, 'M404dn', '惠普', '广州盛达办公设备有限公司', 'SN-HP-001', 3200.00, 2200.00, '2024-03-01', 24, 8.33, 'IN_USE', 3, 3, '北京总部-行政部', 'RFID-ASSET-006', 0, '行政部共享打印机', 39.9048000, 116.4076000),
(7, 'dept:1', 'AST-2024-007', '华为 MateView 显示器', 1, 'MateView 28', '华为', '深圳华强电子有限公司', 'SN-HW-002', 3999.00, 2999.00, '2024-01-20', 36, 8.33, 'IN_USE', 5, 5, '北京总部-资产管理部', 'RFID-ASSET-007', 0, '资产管理部办公显示器', 39.9043000, 116.4075000),
(8, 'dept:1', 'AST-2024-008', '格力空调 KFR-72LW', 10, 'KFR-72LW', '格力', '广州盛达办公设备有限公司', 'SN-GREE-001', 6800.00, 5800.00, '2024-04-01', 60, 3.33, 'IN_USE', 3, 3, '北京总部-办公区', 'RFID-ASSET-008', 0, '办公区中央空调', 39.9046000, 116.4079000),
(9, 'dept:1', 'AST-2024-009', '比亚迪 宋PLUS DM-i 公务车', 4, '宋PLUS DM-i', '比亚迪', '北京创新科技有限公司', 'SN-BYD-001', 165800.00, 155800.00, '2024-02-15', 120, 1.67, 'IN_USE', 3, 3, '北京总部-停车场', 'RFID-ASSET-009', 1, '公司公务用车', 39.9055000, 116.4085000),
(10, 'dept:1', 'AST-2024-010', '联想 ThinkStation P360 工作站', 1, 'P360', '联想', '北京创新科技有限公司', 'SN-LEN-003', 18500.00, 15500.00, '2024-01-25', 36, 8.33, 'IN_USE', 6, 11, '上海分公司-研发部', 'RFID-ASSET-010', 0, '研发部3D建模工作站', 31.2310000, 121.4745000),
(11, 'dept:1', 'AST-2024-011', '华为 FusionServer 2288H', 1, '2288H V7', '华为', '深圳华强电子有限公司', 'SN-HW-003', 95000.00, 85000.00, '2024-03-01', 60, 5.00, 'IN_USE', 4, 9, '上海分公司-机房', 'RFID-ASSET-011', 1, '上海分公司业务服务器', 31.2308000, 121.4740000),
(12, 'dept:1', 'AST-2024-012', '海康威视 DS-2CD3T86FV2 摄像头', 9, 'DS-2CD3T86FV2', '海康威视', '深圳华强电子有限公司', 'SN-HIK-001', 1280.00, 980.00, '2024-05-01', 36, 5.56, 'IN_USE', 3, 14, '北京总部-出入口', 'RFID-ASSET-012', 0, '大门出入口监控', 39.9041000, 116.4072000),
(13, 'dept:1', 'AST-2024-013', '海康威视 DS-2CD3T86FV2 摄像头', 9, 'DS-2CD3T86FV2', '海康威视', '深圳华强电子有限公司', 'SN-HIK-002', 1280.00, 980.00, '2024-05-01', 36, 5.56, 'IN_USE', 3, 14, '北京总部-走廊', 'RFID-ASSET-013', 0, '走廊监控摄像头', 39.9042000, 116.4073000),
(14, 'dept:1', 'AST-2024-014', '华为 CloudEngine S16700', 8, 'S16700', '华为', '深圳华强电子有限公司', 'SN-HW-004', 45000.00, 42000.00, '2024-02-01', 48, 4.17, 'IN_USE', 4, 4, '北京总部-机房', 'RFID-ASSET-014', 0, '核心汇聚交换机', 39.9051000, 116.4081000),
(15, 'dept:1', 'AST-2024-015', '联想 ThinkPad T14p', 1, 'T14p', '联想', '北京创新科技有限公司', 'SN-LEN-004', 8999.00, 6999.00, '2024-03-15', 36, 8.33, 'IN_USE', 2, 2, '北京总部-财务部', 'RFID-ASSET-015', 0, '财务部办公笔记本', 39.9043500, 116.4074500),
(16, 'dept:1', 'AST-2024-016', '华为 MateBook 14', 1, 'MateBook 14', '华为', '深圳华强电子有限公司', 'SN-HW-005', 6999.00, 5499.00, '2024-04-01', 36, 8.33, 'IN_USE', 2, 13, '北京总部-财务部', 'RFID-ASSET-016', 0, '财务部办公笔记本', 39.9044000, 116.4075500),
(17, 'dept:1', 'AST-2024-017', 'HP OfficeJet Pro 9025 一体机', 2, '9025', '惠普', '广州盛达办公设备有限公司', 'SN-HP-002', 2800.00, 2000.00, '2024-03-01', 24, 8.33, 'IN_USE', 8, 8, '北京总部-人事部', 'RFID-ASSET-017', 0, '人力资源部共享打印机', 39.9047000, 116.4077000),
(18, 'dept:1', 'AST-2024-018', '松下 NV-200 投影仪', 2, 'NV-200', '松下', '广州盛达办公设备有限公司', 'SN-PAN-001', 4800.00, 3800.00, '2024-02-01', 36, 5.56, 'IN_USE', 3, 14, '北京总部-会议室', 'RFID-ASSET-018', 0, '大会议室投影设备', 39.9049000, 116.4078000),
(19, 'dept:1', 'AST-2024-019', '海尔 BCD-470WGHT 冰箱', 10, 'BCD-470WGHT', '海尔', '广州盛达办公设备有限公司', 'SN-HAIER-001', 4200.00, 3800.00, '2024-05-01', 60, 3.33, 'IN_USE', 3, 3, '北京总部-茶水间', 'RFID-ASSET-019', 0, '员工茶水间冰箱', 39.9045000, 116.4076500),
(20, 'dept:1', 'AST-2024-020', '美的 MY-C548T 饮水机', 10, 'MY-C548T', '美的', '广州盛达办公设备有限公司', 'SN-MIDEA-001', 1280.00, 1080.00, '2024-04-15', 36, 5.56, 'IN_USE', 3, 3, '北京总部-茶水间', 'RFID-ASSET-020', 0, '员工饮水设备', 39.9045500, 116.4077000),
(21, 'dept:1', 'AST-2024-021', '戴尔 Latitude 5440 笔记本', 1, 'Latitude 5440', '戴尔', '上海锐达信息技术有限公司', 'SN-DELL-002', 7999.00, 5999.00, '2024-04-01', 36, 8.33, 'IDLE', 5, 5, '北京总部-资产库', 'RFID-ASSET-021', 0, '备用笔记本', 39.9042500, 116.4073500),
(22, 'dept:1', 'AST-2024-022', '华为 S5735S-L48T4X-A 交换机', 8, 'S5735S-L48T4X', '华为', '深圳华强电子有限公司', 'SN-HW-006', 6800.00, 5200.00, '2024-01-10', 48, 4.17, 'IDLE', 4, NULL, '深圳分公司-机房', 'RFID-ASSET-022', 0, '备用交换机', 22.5431000, 114.0579000),
(23, 'dept:1', 'AST-2024-023', '联想 ThinkCentre M950t 台式机', 1, 'M950t', '联想', '北京创新科技有限公司', 'SN-LEN-005', 6200.00, 4800.00, '2024-03-01', 36, 8.33, 'IN_USE', 7, 7, '深圳分公司-生产部', 'RFID-ASSET-023', 0, '生产部办公台式机', 22.5435000, 114.0585000),
(24, 'dept:1', 'AST-2024-024', '联想 ThinkCentre M950t 台式机', 1, 'M950t', '联想', '北京创新科技有限公司', 'SN-LEN-006', 6200.00, 4800.00, '2024-03-01', 36, 8.33, 'IN_USE', 7, 12, '深圳分公司-生产部', 'RFID-ASSET-024', 0, '生产部办公台式机', 22.5438000, 114.0588000),
(25, 'dept:1', 'AST-2024-025', '三菱电机 MSZ-ZFJ12VA 空调', 10, 'MSZ-ZFJ12VA', '三菱电机', '广州盛达办公设备有限公司', 'SN-MIT-001', 5200.00, 4700.00, '2024-05-01', 60, 3.33, 'IN_USE', 7, 7, '深圳分公司-办公区', 'RFID-ASSET-025', 0, '车间空调', 22.5440000, 114.0590000),
(26, 'dept:1', 'AST-2024-026', '佳能 iR-ADV C3530 复印机', 2, 'C3530 III', '佳能', '广州盛达办公设备有限公司', 'SN-CAN-001', 28000.00, 24000.00, '2024-02-01', 48, 4.17, 'IN_USE', 3, 14, '北京总部-文印室', 'RFID-ASSET-026', 0, '文印室多功能复印机', 39.9046500, 116.4077500),
(27, 'dept:1', 'AST-2024-027', '办公桌 1400x700 胡桃色', 3, 'BGZ-1407-HT', '震旦', '广州盛达办公设备有限公司', 'SN-FURN-001', 1800.00, 1500.00, '2024-01-01', 120, 1.25, 'IN_USE', 4, 4, '北京总部-IT部', 'RFID-ASSET-027', 0, 'IT部门员工工位', 39.9044000, 116.4075000),
(28, 'dept:1', 'AST-2024-028', '办公椅 人体工学', 3, 'BGZ-001-GY', '赫曼米勒', '广州盛达办公设备有限公司', 'SN-FURN-002', 4200.00, 3800.00, '2024-01-01', 120, 1.25, 'IN_USE', 5, 10, '北京总部-资产管理部', 'RFID-ASSET-028', 0, '人体工学办公椅', 39.9043000, 116.4074000),
(29, 'dept:1', 'AST-2024-029', '铁皮文件柜 双开门', 3, 'WJG-1200', '国保', '广州盛达办公设备有限公司', 'SN-FURN-003', 980.00, 850.00, '2024-01-01', 120, 1.25, 'IN_USE', 2, 2, '北京总部-财务部', 'RFID-ASSET-029', 0, '财务档案文件柜', 39.9043800, 116.4074800),
(30, 'dept:1', 'AST-2024-030', '大众 帕萨特 2024款 公务车', 4, '帕萨特 380TSI', '上汽大众', '北京创新科技有限公司', 'SN-VW-001', 201900.00, 191900.00, '2024-03-01', 120, 1.67, 'IN_USE', 3, 14, '上海分公司-停车场', 'RFID-ASSET-030', 1, '上海分公司公务用车', 31.2312000, 121.4748000),
(31, 'dept:1', 'AST-2024-031', '华为智选 台式机 HZ-8800', 1, 'HZ-8800', '华为', '深圳华强电子有限公司', 'SN-HW-007', 7500.00, 6500.00, '2024-04-01', 36, 8.33, 'IN_USE', 6, 11, '杭州研发中心', 'RFID-ASSET-031', 0, '研发部开发用机', 30.2741000, 120.1551000),
(32, 'dept:1', 'AST-2024-032', '联想 ThinkPad P16v 工作站', 1, 'P16v', '联想', '北京创新科技有限公司', 'SN-LEN-007', 22000.00, 19000.00, '2024-02-15', 36, 8.33, 'IN_USE', 6, 6, '杭州研发中心', 'RFID-ASSET-032', 0, 'AI算法开发工作站', 30.2745000, 120.1555000),
(33, 'dept:1', 'AST-2024-033', '西门子 S7-1500 PLC 控制器', 5, 'S7-1500', '西门子', '上海锐达信息技术有限公司', 'SN-SIE-001', 12500.00, 10500.00, '2024-03-01', 60, 3.33, 'MAINTENANCE', 7, 7, '成都分公司-车间', 'RFID-ASSET-033', 1, '生产线PLC控制器，正在维修', 30.5728000, 104.0668000),
(34, 'dept:1', 'AST-2024-034', '西门子 SINAMICS G120 变频器', 5, 'G120', '西门子', '上海锐达信息技术有限公司', 'SN-SIE-002', 8600.00, 7200.00, '2024-03-15', 60, 3.33, 'IN_USE', 7, 7, '成都分公司-车间', 'RFID-ASSET-034', 0, '生产车间变频器', 30.5730000, 104.0670000),
(35, 'dept:1', 'AST-2024-035', '安捷伦 7890B 气相色谱仪', 6, '7890B', '安捷伦', '上海锐达信息技术有限公司', 'SN-AGI-001', 285000.00, 245000.00, '2024-01-20', 72, 2.78, 'IN_USE', 6, 11, '成都分公司-实验室', 'RFID-ASSET-035', 1, '研发实验室精密仪器', 30.5725000, 104.0665000),
(36, 'dept:1', 'AST-2024-036', '联想 ThinkPad X13', 1, 'X13 Gen4', '联想', '北京创新科技有限公司', 'SN-LEN-008', 8999.00, 7499.00, '2024-05-01', 36, 8.33, 'IDLE', 5, NULL, '武汉分公司-资产库', 'RFID-ASSET-036', 0, '待分配的备用笔记本', 30.4725000, 114.4078000),
(37, 'dept:1', 'AST-2024-037', '美的 中央空调 MDV-560W', 10, 'MDV-560W', '美的', '广州盛达办公设备有限公司', 'SN-MIDEA-002', 22000.00, 20000.00, '2024-02-01', 72, 2.78, 'IN_USE', 3, 14, '武汉分公司-办公区', 'RFID-ASSET-037', 0, '武汉分公司中央空调', 30.4728000, 114.4080000),
(38, 'dept:1', 'AST-2024-038', '三星 75寸 智能电视', 11, 'UA75CU8000', '三星', '深圳华强电子有限公司', 'SN-SAMS-001', 8999.00, 7999.00, '2024-06-01', 36, 5.56, 'IN_USE', 3, 3, '北京总部-会议室', 'RFID-ASSET-038', 0, '大会议室会议屏', 39.9048500, 116.4078500),
(39, 'dept:1', 'AST-2024-039', '海康威视 DS-K1T607MFW 门禁', 9, 'DS-K1T607MFW', '海康威视', '深圳华强电子有限公司', 'SN-HIK-003', 3200.00, 2800.00, '2024-04-01', 48, 4.17, 'IN_USE', 3, 14, '北京总部-大门', 'RFID-ASSET-039', 0, '办公区门禁系统', 39.9041500, 116.4072500),
(40, 'dept:1', 'AST-2024-040', '微软 Office 2024 专业增强版', 7, 'Office Pro Plus 2024', '微软', '成都天府软件有限公司', 'LIC-MS-001', 4299.00, 2999.00, '2024-01-10', 36, 5.56, 'IN_USE', 4, 4, '北京总部-IT部', 'RFID-ASSET-040', 0, '办公软件授权', 39.9042000, 116.4074000),
(41, 'dept:1', 'AST-2024-041', 'Adobe Creative Cloud 团队版', 7, 'CC Team 2024', 'Adobe', '成都天府软件有限公司', 'LIC-ADOBE-001', 12800.00, 9800.00, '2024-01-15', 12, 16.67, 'IN_USE', 6, 6, '上海分公司-研发部', 'RFID-ASSET-041', 0, '设计师团队软件授权', 31.2306000, 121.4739000),
(42, 'dept:1', 'AST-2024-042', '金蝶云星空 ERP 系统', 7, 'V8.2', '金蝶', '成都天府软件有限公司', 'LIC-KD-001', 180000.00, 150000.00, '2024-01-01', 60, 3.33, 'IN_USE', 2, 2, '北京总部-财务部', 'RFID-ASSET-042', 1, '财务ERP系统', 39.9044000, 116.4076000),
(43, 'dept:1', 'AST-2024-043', '摩托罗拉 XiR P8668 对讲机', 8, 'XiR P8668', '摩托罗拉', '深圳华强电子有限公司', 'SN-MOTO-001', 2800.00, 2100.00, '2024-05-01', 48, 4.17, 'IN_USE', 7, 12, '深圳分公司-生产部', 'RFID-ASSET-043', 0, '车间通信对讲机', 22.5433000, 114.0582000),
(44, 'dept:1', 'AST-2024-044', '华为 eKitEngine 系列路由器', 8, 'AR651W', '华为', '深圳华强电子有限公司', 'SN-HW-008', 3600.00, 3000.00, '2024-04-01', 48, 4.17, 'SCRAPPED', 4, NULL, '北京总部-仓库', 'RFID-ASSET-044', 0, '已报废旧路由器', 39.9053000, 116.4083000),
(45, 'dept:1', 'AST-2024-045', '舒华 SH-5751 跑步机', 11, 'SH-5751', '舒华', '广州盛达办公设备有限公司', 'SN-SHUA-001', 6800.00, 5500.00, '2024-03-01', 60, 2.78, 'IN_USE', 3, 14, '北京总部-健身房', 'RFID-ASSET-045', 0, '员工健身房跑步机', 39.9047500, 116.4078500),
(46, 'dept:1', 'AST-2024-046', 'JBL PartyBox 310 音响', 11, 'PartyBox 310', 'JBL', '广州盛达办公设备有限公司', 'SN-JBL-001', 3200.00, 2800.00, '2024-06-01', 36, 5.56, 'IN_USE', 3, 14, '北京总部-活动室', 'RFID-ASSET-046', 0, '员工活动室音响', 39.9046500, 116.4078000),
(47, 'dept:1', 'AST-2024-047', '诺达思 Noldus 行为观察系统', 6, 'Noldus 2024', '诺达思', '上海锐达信息技术有限公司', 'SN-NOLD-001', 65000.00, 58000.00, '2024-02-01', 72, 2.78, 'MAINTENANCE', 6, 11, '南京研发中心-实验室', 'RFID-ASSET-047', 1, '研发测试精密仪器，返回校准中', 32.0603000, 118.7969000),
(48, 'dept:1', 'AST-2024-048', '戴尔 Precision 3660 工作站', 1, 'Precision 3660', '戴尔', '上海锐达信息技术有限公司', 'SN-DELL-003', 16800.00, 13800.00, '2024-03-15', 36, 8.33, 'IN_USE', 6, 6, '南京研发中心', 'RFID-ASSET-048', 0, '数据分析工作站', 32.0605000, 118.7972000),
(49, 'dept:1', 'AST-2024-049', '霍尼韦尔 HM-710 温湿度计', 6, 'HM-710', '霍尼韦尔', '上海锐达信息技术有限公司', 'SN-HONEY-001', 680.00, 550.00, '2024-03-01', 24, 8.33, 'IN_USE', 7, 12, '西安办事处', 'RFID-ASSET-049', 0, '仓库环境监测', 34.2085000, 108.8836000),
(50, 'dept:1', 'AST-2024-050', '联想 ThinkPad E14 Gen5', 1, 'E14 Gen5', '联想', '北京创新科技有限公司', 'SN-LEN-009', 5999.00, 5199.00, '2024-06-01', 36, 8.33, 'PENDING', 8, 15, '西安办事处', 'RFID-ASSET-050', 0, '新员工待分配笔记本', 34.2088000, 108.8839000)
ON DUPLICATE KEY UPDATE asset_name = VALUES(asset_name), status = VALUES(status), dept_id = VALUES(dept_id), current_value = VALUES(current_value);


-- =============================================================================
-- 8. idle_asset_notice — 11 条闲置公告
-- =============================================================================
INSERT INTO idle_asset_notice (id, tenant_id, asset_id, idle_days, title, reason, notice_date, claim_deadline, status, claimant_id, claim_date, claim_status, create_by) VALUES
(1, 'dept:1', 21, 45, '戴尔 Latitude 5440 笔记本闲置公告', '设备升级更换，原设备闲置', '2024-08-01', '2024-09-01', 'PUBLISHED', NULL, NULL, NULL, 5),
(2, 'dept:1', 22, 60, '华为 S5735S 交换机闲置公告', '网络升级替换，旧型号闲置', '2024-08-05', '2024-09-05', 'PUBLISHED', 9, '2024-08-20', 'APPROVED', 5),
(3, 'dept:1', 36, 30, '联想 ThinkPad X13 笔记本闲置公告', '库存备用笔记本，暂未分配', '2024-08-10', '2024-09-10', 'PUBLISHED', NULL, NULL, NULL, 5),
(4, 'dept:1', 21, 45, '戴尔笔记本闲置二次公告', '首次公告未认领，再次发布', '2024-09-15', '2024-10-15', 'CLAIMED', 10, '2024-09-20', 'APPROVED', 5),
(5, 'dept:1', 22, 60, '闲置网络设备公告', '交换机设备闲置，可供认领', '2024-09-01', '2024-10-01', 'CLAIM_PENDING', 12, '2024-09-18', 'PENDING', 5),
(6, 'dept:1', 36, 30, 'X13 笔记本闲置公告', '备用笔记本可供其他部门使用', '2024-10-01', '2024-11-01', 'PUBLISHED', NULL, NULL, NULL, 5),
(7, 'dept:1', 21, 50, '戴尔笔记本闲置公告', '测试资产闲置公告', '2024-10-15', '2024-12-31', 'PENDING', NULL, NULL, NULL, 5),
(8, 'dept:1', 44, 90, '华为路由器报废闲置公告', '已报废待处置', '2024-07-01', '2024-08-01', 'DISPOSED', NULL, NULL, NULL, 5),
(9, 'dept:1', 33, 20, '西门子PLC控制器维修闲置', '维修期间闲置公告', '2024-10-10', '2024-11-10', 'PENDING', NULL, NULL, NULL, 5),
(10, 'dept:1', 50, 10, 'E14笔记本待分配公告', '新采购笔记本待分配', '2024-10-20', '2024-12-20', 'PENDING', NULL, NULL, NULL, 5),
(11, 'dept:1', 47, 25, 'Noldus系统校准闲置公告', '精密仪器返回校准中', '2024-10-12', '2024-11-30', 'PENDING', NULL, NULL, NULL, 5)
ON DUPLICATE KEY UPDATE title = VALUES(title), status = VALUES(status), claim_status = VALUES(claim_status);

-- =============================================================================
-- 9. work_order — 20 个工单
-- =============================================================================
INSERT INTO work_order (id, work_order_no, title, description, status, priority, tenant_id, asset_id, asset_name, reporter_id, reporter_name, assignee_id, assignee_name, dept_id, dept_name, planned_start_date, planned_end_date, estimated_cost) VALUES
(1, 'WO-2024-001', 'IT设备定期巡检', '每季度IT设备全面巡检', 'COMPLETED', '中', 'dept:1', NULL, NULL, 4, '王强', 9, '周昊', 4, '信息技术部', '2024-01-10 09:00:00', '2024-01-15 18:00:00', 0.00),
(2, 'WO-2024-002', '财务部打印机故障维修', '打印机卡纸频繁，需要维修', 'COMPLETED', '高', 'dept:1', 6, 'HP LaserJet Pro M404dn', 2, '张明', 9, '周昊', 4, '信息技术部', '2024-02-05 09:00:00', '2024-02-06 17:00:00', 200.00),
(3, 'WO-2024-003', '机房空调故障处理', '机房精密空调异常报警', 'COMPLETED', '高', 'dept:1', NULL, NULL, 4, '王强', 9, '周昊', 4, '信息技术部', '2024-03-12 10:00:00', '2024-03-13 18:00:00', 1500.00),
(4, 'WO-2024-004', '上海分公司网络整改', '分公司网络布线优化', 'COMPLETED', '中', 'dept:1', NULL, NULL, 9, '周昊', 9, '周昊', 4, '信息技术部', '2024-04-01 09:00:00', '2024-04-10 18:00:00', 8000.00),
(5, 'WO-2024-005', '新员工电脑配置', '5名新员工电脑初始化配置', 'COMPLETED', '低', 'dept:1', NULL, NULL, 4, '王强', 9, '周昊', 4, '信息技术部', '2024-05-06 09:00:00', '2024-05-07 18:00:00', 0.00),
(6, 'WO-2024-006', '服务器安全补丁更新', '核心服务器安全更新', 'IN_PROGRESS', '高', 'dept:1', 4, 'Dell PowerEdge R750', 4, '王强', 4, '王强', 4, '信息技术部', '2024-06-01 22:00:00', '2024-06-02 06:00:00', 0.00),
(7, 'WO-2024-007', '监控系统升级', '海康威视监控系统固件升级', 'COMPLETED', '中', 'dept:1', 12, 'DS-2CD3T86FV2', 4, '王强', 9, '周昊', 4, '信息技术部', '2024-06-15 14:00:00', '2024-06-16 18:00:00', 500.00),
(8, 'WO-2024-008', '交换机固件升级', '核心交换机固件安全更新', 'PENDING', '高', 'dept:1', 14, '华为 CloudEngine S16700', 4, '王强', NULL, NULL, 4, '信息技术部', '2024-07-01 22:00:00', '2024-07-02 06:00:00', 0.00),
(9, 'WO-2024-009', 'ERP系统季度维护', '金蝶ERP系统季度维护', 'COMPLETED', '中', 'dept:1', NULL, NULL, 2, '张明', 4, '王强', 4, '信息技术部', '2024-07-10 09:00:00', '2024-07-12 18:00:00', 10000.00),
(10, 'WO-2024-010', '深圳分公司网络扩容', '新增办公区网络部署', 'IN_PROGRESS', '中', 'dept:1', NULL, NULL, 9, '周昊', 9, '周昊', 4, '信息技术部', '2024-08-01 09:00:00', '2024-08-15 18:00:00', 15000.00),
(11, 'WO-2024-011', '生产设备PLC维护', '车间PLC控制器定期维护', 'PENDING', '中', 'dept:1', 33, '西门子 S7-1500', 7, '赵磊', 7, '赵磊', 7, '生产制造部', '2024-08-20 09:00:00', '2024-08-21 18:00:00', 3000.00),
(12, 'WO-2024-012', '成都分公司空调维修', '办公区空调制冷效果差', 'COMPLETED', '高', 'dept:1', NULL, NULL, 7, '赵磊', 12, '许明', 7, '生产制造部', '2024-07-15 09:00:00', '2024-07-16 18:00:00', 1200.00),
(13, 'WO-2024-013', '商务车保养', '帕萨特公务车定期保养', 'COMPLETED', '低', 'dept:1', 30, '大众帕萨特', 14, '邓超', 14, '邓超', 3, '行政部', '2024-09-01 09:00:00', '2024-09-01 17:00:00', 1500.00),
(14, 'WO-2024-014', '杭州研发中心门禁安装', '新门禁系统安装调试', 'PENDING', '中', 'dept:1', NULL, NULL, 4, '王强', 9, '周昊', 4, '信息技术部', '2024-10-01 09:00:00', '2024-10-05 18:00:00', 5000.00),
(15, 'WO-2024-015', '实验仪器校准', '气相色谱仪年度校准', 'IN_PROGRESS', '中', 'dept:1', 35, '安捷伦 7890B', 6, '刘伟', 11, '黄磊', 6, '研发部', '2024-10-10 09:00:00', '2024-10-12 18:00:00', 3500.00),
(16, 'WO-2024-016', '电话交换机维护', '行政部电话交换机维护', 'PENDING', '低', 'dept:1', NULL, NULL, 14, '邓超', 14, '邓超', 3, '行政部', '2024-10-15 09:00:00', '2024-10-15 17:00:00', 800.00),
(17, 'WO-2024-017', '员工电脑系统重装', '多台办公电脑系统升级重装', 'COMPLETED', '低', 'dept:1', 15, 'ThinkPad T14p', 2, '张明', 9, '周昊', 4, '信息技术部', '2024-08-05 09:00:00', '2024-08-06 18:00:00', 0.00),
(18, 'WO-2024-018', '西安办公室网络部署', '西安新办公室网络搭建', 'PENDING', '中', 'dept:1', NULL, NULL, 9, '周昊', 9, '周昊', 4, '信息技术部', '2024-11-01 09:00:00', '2024-11-10 18:00:00', 12000.00),
(19, 'WO-2024-019', '安防系统扩容', '新增监控点安装部署', 'IN_PROGRESS', '中', 'dept:1', NULL, NULL, 4, '王强', 9, '周昊', 4, '信息技术部', '2024-10-20 09:00:00', '2024-10-30 18:00:00', 6000.00),
(20, 'WO-2024-020', '武汉分公司网络检修', '网络故障排查修复', 'PENDING', '高', 'dept:1', NULL, NULL, 9, '周昊', 9, '周昊', 4, '信息技术部', '2024-11-05 09:00:00', '2024-11-06 18:00:00', 2000.00)
ON DUPLICATE KEY UPDATE title = VALUES(title), status = VALUES(status), assignee_id = VALUES(assignee_id);

-- =============================================================================
-- 10. maintenance_record — 20 条维保记录
-- =============================================================================
INSERT INTO maintenance_record (id, tenant_id, asset_id, maintenance_type, maintenance_date, next_maintenance_date, cost, executor, content, result) VALUES
(1, 'dept:1', 4, 'PREVENTIVE', '2024-03-15', '2024-06-15', 500.00, '周昊', '服务器除尘保养、风扇清洁', 'PASS'),
(2, 'dept:1', 4, 'PREVENTIVE', '2024-06-15', '2024-09-15', 500.00, '周昊', '服务器季度巡检、硬盘检测', 'PASS'),
(3, 'dept:1', 6, 'CORRECTIVE', '2024-02-06', '2024-08-06', 200.00, '惠普售后', '打印机卡纸故障维修、搓纸轮更换', 'PASS'),
(4, 'dept:1', 1, 'PREVENTIVE', '2024-04-01', '2024-10-01', 0.00, '王强', '笔记本系统优化、电池检测', 'PASS'),
(5, 'dept:1', 5, 'PREVENTIVE', '2024-04-10', '2024-07-10', 0.00, '周昊', '交换机固件检查、端口测试', 'PASS'),
(6, 'dept:1', 26, 'PREVENTIVE', '2024-05-10', '2024-08-10', 300.00, '佳能售后', '复印机定期保养、显影组件清洁', 'PASS'),
(7, 'dept:1', 9, 'PREVENTIVE', '2024-06-01', '2024-09-01', 800.00, '4S店', '公务车首次保养、机油更换', 'PASS'),
(8, 'dept:1', 33, 'CORRECTIVE', '2024-07-20', '2024-10-20', 2500.00, '西门子售后', 'PLC控制器模块故障检修、更换I/O模块', 'PENDING'),
(9, 'dept:1', 33, 'CORRECTIVE', '2024-08-15', '2024-11-15', 1800.00, '西门子售后', 'PLC电源模块更换、程序重载', 'PENDING'),
(10, 'dept:1', 35, 'CALIBRATION', '2024-04-15', '2025-04-15', 5000.00, '安捷伦售后', '气相色谱仪年度校准', 'PASS'),
(11, 'dept:1', 47, 'CALIBRATION', '2024-05-20', '2025-05-20', 8000.00, '诺达思售后', '行为观察系统校准、传感器标定', 'PENDING'),
(12, 'dept:1', 11, 'PREVENTIVE', '2024-06-20', '2024-09-20', 300.00, '周昊', '服务器日志清理、磁盘检查', 'PASS'),
(13, 'dept:1', 30, 'PREVENTIVE', '2024-09-01', '2024-12-01', 1500.00, '4S店', '帕萨特定期保养、轮胎检测', 'PASS'),
(14, 'dept:1', 8, 'CORRECTIVE', '2024-07-05', '2024-10-05', 600.00, '格力售后', '空调制冷剂补充、滤网清洁', 'PASS'),
(15, 'dept:1', 34, 'PREVENTIVE', '2024-08-01', '2024-11-01', 400.00, '许明', '变频器清洁、参数检查', 'PASS'),
(16, 'dept:1', 14, 'PREVENTIVE', '2024-03-20', '2024-06-20', 0.00, '周昊', '核心交换机检查、配置备份', 'PASS'),
(17, 'dept:1', 5, 'CORRECTIVE', '2024-05-15', '2024-08-15', 0.00, '周昊', '交换机端口故障排查、配置恢复', 'PASS'),
(18, 'dept:1', 37, 'PREVENTIVE', '2024-08-10', '2024-11-10', 400.00, '美的售后', '中央空调冷凝器清洁', 'PASS'),
(19, 'dept:1', 38, 'PREVENTIVE', '2024-07-01', '2024-10-01', 0.00, '邓超', '会议室显示屏固件升级', 'PASS'),
(20, 'dept:1', 42, 'PREVENTIVE', '2024-06-01', '2024-09-01', 2000.00, '金蝶售后', 'ERP系统定期维护、数据库优化', 'PASS')
ON DUPLICATE KEY UPDATE maintenance_type = VALUES(maintenance_type), result = VALUES(result), content = VALUES(content);

-- =============================================================================
-- 11. retirement_application — 7 个退役申请
-- =============================================================================
INSERT INTO retirement_application (id, tenant_id, application_no, asset_id, asset_name, asset_code, applicant_id, applicant_name, dept_id, dept_name, retirement_type, reason, estimated_residual_value, status, current_approval_step, total_approval_steps) VALUES
(1, 'dept:1', 'RA-2024-001', 44, '华为 AR651W 路由器', 'AST-2024-044', 4, '王强', 4, '信息技术部', 'SCRAP', '设备老旧，性能无法满足需求', 200.00, 'APPROVED', 2, 2),
(2, 'dept:1', 'RA-2024-002', 21, '戴尔 Latitude 5440', 'AST-2024-021', 5, '陈静', 5, '资产管理部', 'TRANSFER', '长期闲置，申请内部调拨', 3500.00, 'PENDING', 1, 2),
(3, 'dept:1', 'RA-2024-003', 36, '联想 ThinkPad X13', 'AST-2024-036', 5, '陈静', 5, '资产管理部', 'TRANSFER', '库存闲置，申请调拨使用', 5000.00, 'DRAFT', 0, 2),
(4, 'dept:1', 'RA-2024-004', 22, '华为 S5735S 交换机', 'AST-2024-022', 4, '王强', 4, '信息技术部', 'SCRAP', '型号过旧，已不满足网络需求', 500.00, 'PENDING', 1, 2),
(5, 'dept:1', 'RA-2024-005', 47, 'Noldus 行为观察系统', 'AST-2024-047', 6, '刘伟', 6, '研发部', 'SCRAP', '设备校准费用过高，申请报废处理', 8000.00, 'PENDING', 1, 3),
(6, 'dept:1', 'RA-2024-006', 33, '西门子 S7-1500', 'AST-2024-033', 7, '赵磊', 7, '生产制造部', 'SCRAP', '频繁故障，维修成本高于残值', 1500.00, 'DRAFT', 0, 2),
(7, 'dept:1', 'RA-2024-007', 50, '联想 ThinkPad E14', 'AST-2024-050', 8, '孙婷', 8, '人力资源部', 'TRANSFER', '新员工入职需分配', 4500.00, 'APPROVED', 2, 2)
ON DUPLICATE KEY UPDATE status = VALUES(status), reason = VALUES(reason);

-- =============================================================================
-- 12. approval_process — 8 个审批流程
-- =============================================================================
INSERT INTO approval_process (id, process_no, process_type, business_id, tenant_id, status, current_step, applicant_id) VALUES
(1, 'AP-2024-001', 'RETIREMENT', 1, 'dept:1', 'APPROVED', 3, 4),
(2, 'AP-2024-002', 'RETIREMENT', 2, 'dept:1', 'PENDING', 1, 5),
(3, 'AP-2024-003', 'RETIREMENT', 4, 'dept:1', 'PENDING', 1, 4),
(4, 'AP-2024-004', 'RETIREMENT', 5, 'dept:1', 'PENDING', 1, 6),
(5, 'AP-2024-005', 'RETIREMENT', 7, 'dept:1', 'APPROVED', 3, 8),
(6, 'AP-2024-006', 'IDLE_CLAIM', 2, 'dept:1', 'APPROVED', 2, 9),
(7, 'AP-2024-007', 'IDLE_CLAIM', 5, 'dept:1', 'PENDING', 1, 12),
(8, 'AP-2024-008', 'IDLE_CLAIM', 4, 'dept:1', 'APPROVED', 2, 10)
ON DUPLICATE KEY UPDATE status = VALUES(status), current_step = VALUES(current_step);

-- =============================================================================
-- 13. approval_record — 6 条审批记录
-- =============================================================================
INSERT INTO approval_record (id, process_id, tenant_id, step_no, approver_id, approve_result, approve_opinion, approve_time) VALUES
(1, 1, 'dept:1', 1, 5, 'APPROVED', '同意，请部门经理审核', '2024-08-01 10:00:00'),
(2, 1, 'dept:1', 2, 3, 'APPROVED', '同意，资产确实老旧', '2024-08-02 14:00:00'),
(3, 5, 'dept:1', 1, 5, 'APPROVED', '同意调拨申请', '2024-10-01 09:30:00'),
(4, 5, 'dept:1', 2, 3, 'APPROVED', '人力资源部需求合理，同意', '2024-10-02 11:00:00'),
(5, 6, 'dept:1', 1, 5, 'APPROVED', '同意认领交换机', '2024-08-21 10:00:00'),
(6, 8, 'dept:1', 1, 5, 'APPROVED', '同意认领戴尔笔记本', '2024-09-21 10:00:00')
ON DUPLICATE KEY UPDATE approve_result = VALUES(approve_result), approve_opinion = VALUES(approve_opinion);

-- =============================================================================
-- 14. asset_compensation — 5 条资产赔偿
-- =============================================================================
INSERT INTO asset_compensation (id, tenant_id, compensation_no, asset_id, compensation_type, compensation_amount, responsible_user_id, responsible_dept_id, incident_date, description, status) VALUES
(1, 'dept:1', 'COMP-2024-001', 15, 'DAMAGE', 500.00, 2, 2, '2024-05-15', '财务部张明不慎将咖啡洒在笔记本键盘上导致键盘损坏', 'PAID'),
(2, 'dept:1', 'COMP-2024-002', 27, 'LOSS', 600.00, 9, 4, '2024-06-20', 'IT部周昊保管的办公桌抽屉钥匙丢失需更换锁芯', 'PENDING'),
(3, 'dept:1', 'COMP-2024-003', 29, 'DAMAGE', 200.00, 13, 2, '2024-07-10', '财务部杨丽不当操作导致文件柜门变形', 'PAID'),
(4, 'dept:1', 'COMP-2024-004', 17, 'DAMAGE', 350.00, 8, 8, '2024-08-05', '人事部孙婷操作不当导致打印机卡纸严重需更换部件', 'PENDING'),
(5, 'dept:1', 'COMP-2024-005', 6, 'LOSS', 150.00, 3, 3, '2024-09-01', '行政部李芳遗失打印机电源适配器', 'PENDING')
ON DUPLICATE KEY UPDATE description = VALUES(description), compensation_amount = VALUES(compensation_amount), status = VALUES(status);

-- =============================================================================
-- 15. sys_user_role — 为新用户绑定角色
-- =============================================================================
INSERT INTO sys_user_role (user_id, role_id) VALUES
(2, 2), (3, 2), (4, 2), (5, 2), (6, 2), (7, 2), (8, 2),
(9, 2), (10, 2), (11, 2), (12, 2), (13, 2), (14, 2), (15, 2)
ON DUPLICATE KEY UPDATE role_id = VALUES(role_id);

-- =============================================================================
-- 16. contract — 8 个合同
-- =============================================================================
INSERT INTO contract (id, contract_no, contract_name, contract_type, vendor_id, asset_id, amount, currency, start_date, end_date, status, auto_renew, renew_days, remark) VALUES
(1, 'HT-2024-001', 'Dell服务器年度维保合同', 'MAINTENANCE', 1, 4, 15000.00, 'CNY', '2024-01-01', '2024-12-31', 'ACTIVE', 1, 30, 'Dell R750服务器维保'),
(2, 'HT-2024-002', '办公设备采购合同-2024Q1', 'PURCHASE', 4, NULL, 85600.00, 'CNY', '2024-01-15', '2024-03-31', 'ACTIVE', 0, 0, 'Q1办公设备集中采购'),
(3, 'HT-2024-003', '华为网络设备维保合同', 'MAINTENANCE', 3, 5, 6800.00, 'CNY', '2024-02-01', '2025-01-31', 'ACTIVE', 1, 30, '核心网络设备维保'),
(4, 'HT-2024-004', '深圳办公区装修设备租赁', 'LEASE', 3, NULL, 35000.00, 'CNY', '2024-03-01', '2025-02-28', 'ACTIVE', 1, 60, '深圳分公司办公设备租赁'),
(5, 'HT-2024-005', 'ERP系统年度服务合同', 'SERVICE', 5, 42, 120000.00, 'CNY', '2024-01-01', '2024-12-31', 'ACTIVE', 1, 30, '金蝶云星空ERP服务'),
(6, 'HT-2024-006', '安防监控设备采购合同', 'PURCHASE', 3, NULL, 45000.00, 'CNY', '2024-04-01', '2024-06-30', 'ACTIVE', 0, 0, '海康威视监控设备采购'),
(7, 'HT-2024-007', '精密仪器校准服务合同', 'SERVICE', 2, 35, 18000.00, 'CNY', '2024-03-01', '2025-02-28', 'ACTIVE', 1, 30, '安捷伦色谱仪校准服务'),
(8, 'HT-2024-008', '车辆保险服务合同', 'SERVICE', 1, 9, 8500.00, 'CNY', '2024-01-01', '2024-12-31', 'ACTIVE', 1, 30, '公务用车年度保险')
ON DUPLICATE KEY UPDATE contract_name = VALUES(contract_name), status = VALUES(status), amount = VALUES(amount);

-- =============================================================================
-- 17. software_license — 8 个软件许可证
-- =============================================================================
INSERT INTO software_license (id, license_name, license_key, software_type, manufacturer, version, license_type, total_seats, purchase_date, expiry_date, purchase_price, purchase_order_no, status, remark) VALUES
(1, 'Microsoft Office 2024 专业增强版', 'XXXX-XXXX-XXXX-OFC1', '办公软件', '微软', '2024', 'VOLUME', 50, '2024-01-10', '2027-01-10', 125000.00, 'PO-2024-001', 'ACTIVE', '企业批量授权50席'),
(2, 'Adobe Creative Cloud 团队版', 'XXXX-XXXX-XXXX-ADB1', '设计软件', 'Adobe', '2024', 'SUBSCRIPTION', 10, '2024-01-15', '2025-01-15', 38400.00, 'PO-2024-002', 'ACTIVE', '设计师团队10席年度订阅'),
(3, 'JetBrains IntelliJ IDEA Ultimate', 'XXXX-XXXX-XXXX-JB01', '开发工具', 'JetBrains', '2024.1', 'VOLUME', 20, '2024-02-01', '2025-02-01', 15600.00, 'PO-2024-003', 'ACTIVE', '开发团队IDE授权'),
(4, '金蝶云星空 ERP', 'XXXX-XXXX-XXXX-KD01', '企业管理', '金蝶', 'V8.2', 'CONCURRENT', 30, '2024-01-01', '2025-12-31', 180000.00, 'PO-2024-004', 'ACTIVE', '财务ERP系统30并发'),
(5, 'AutoCAD 2024', 'XXXX-XXXX-XXXX-AC01', '设计软件', 'Autodesk', '2024', 'SINGLE_USER', 5, '2024-03-01', '2027-03-01', 75000.00, 'PO-2024-005', 'ACTIVE', '研发部CAD设计5席'),
(6, 'Windows Server 2022 Datacenter', 'XXXX-XXXX-XXXX-WS01', '操作系统', '微软', '2022', 'VOLUME', 10, '2024-01-20', '2027-01-20', 96000.00, 'PO-2024-006', 'ACTIVE', '服务器操作系统授权'),
(7, 'Norton Security Premium', 'XXXX-XXXX-XXXX-NR01', '安全软件', 'Norton', '2024', 'VOLUME', 100, '2024-01-01', '2025-01-01', 15000.00, 'PO-2024-007', 'ACTIVE', '终端安全防护100席'),
(8, 'MySQL Enterprise Edition', 'XXXX-XXXX-XXXX-MY01', '数据库', 'Oracle', '8.0', 'SUBSCRIPTION', 5, '2024-02-15', '2025-02-15', 42000.00, 'PO-2024-008', 'ACTIVE', '企业版数据库5节点')
ON DUPLICATE KEY UPDATE license_name = VALUES(license_name), status = VALUES(status), expiry_date = VALUES(expiry_date);

-- =============================================================================
-- 18. notification — 15 条通知
-- =============================================================================
INSERT INTO notification (id, user_id, title, content, type, category, is_read, ref_id, ref_type) VALUES
(1, 4, '工单分配通知', '您有一个新的工单任务：服务器安全补丁更新（WO-2024-006）', 'WORKORDER', 'TASK', 0, 6, 'work_order'),
(2, 4, '交换机固件升级提醒', '核心交换机 CloudEngine S16700 固件升级工单待处理', 'WORKORDER', 'REMINDER', 0, 8, 'work_order'),
(3, 5, '退役审批通知', '戴尔 Latitude 5440 退役申请需要您审批（RA-2024-002）', 'APPROVAL', 'TASK', 0, 2, 'retirement'),
(4, 5, '闲置资产认领提醒', '华为 S5735S 交换机有新的认领申请待审批', 'APPROVAL', 'TASK', 0, 5, 'idle_asset'),
(5, 2, '资产赔偿通知', '您有一笔资产赔偿待处理：COMP-2024-001', 'SYSTEM', 'ALERT', 1, 1, 'compensation'),
(6, 1, '系统维护通知', '系统将于本周六 22:00-06:00 进行维护升级', 'SYSTEM', 'ANNOUNCEMENT', 0, NULL, NULL),
(7, 6, '实验仪器校准提醒', '安捷伦 7890B 气相色谱仪校准工单进行中', 'MAINTENANCE', 'REMINDER', 0, 15, 'work_order'),
(8, 7, 'PLC维护工单', '西门子 S7-1500 PLC 控制器维护工单已创建', 'WORKORDER', 'TASK', 0, 11, 'work_order'),
(9, 3, '合同即将到期', '办公设备采购合同（HT-2024-002）即将到期，请关注续签', 'SYSTEM', 'REMINDER', 0, 2, 'contract'),
(10, 1, '月度资产报表已生成', '2024年10月资产月报已自动生成，请查看', 'SYSTEM', 'REPORT', 1, NULL, NULL),
(11, 4, '维保到期预警', '戴尔 R750 服务器维保合同将于30天后到期', 'MAINTENANCE', 'ALERT', 0, 4, 'contract'),
(12, 8, '新员工电脑待分配', '联想 ThinkPad E14 已到货，等待分配给新员工', 'WORKORDER', 'TASK', 0, 50, 'asset'),
(13, 5, '盘点任务通知', '2024年度资产盘点任务已创建，请配合执行', 'SYSTEM', 'TASK', 0, NULL, NULL),
(14, 2, 'ERP系统维护通知', '金蝶ERP系统将于今晚进行季度维护', 'SYSTEM', 'ANNOUNCEMENT', 1, 9, 'work_order'),
(15, 6, '软件许可即将到期', 'Adobe Creative Cloud 团队版将于2025-01-15到期', 'SYSTEM', 'REMINDER', 0, 2, 'license')
ON DUPLICATE KEY UPDATE title = VALUES(title), content = VALUES(content);

-- =============================================================================
-- 19. inventory_task — 3 个盘点任务 + inventory_detail — 15 条盘点明细
-- =============================================================================
INSERT INTO inventory_task (id, tenant_id, task_no, task_name, inventory_type, status, dept_ids, start_date, end_date, total_count, scanned_count, match_count, loss_count, executor_id, create_by) VALUES
(1, 'dept:1', 'IV-2024-001', '2024年度资产全面盘点', 'FULL', 'IN_PROGRESS', '1,2,3,4,5,6,7,8', '2024-10-01', '2024-12-31', 50, 35, 33, 2, 5, 1),
(2, 'dept:1', 'IV-2024-002', 'IT设备季度盘点', 'PARTIAL', 'COMPLETED', '4', '2024-07-01', '2024-07-15', 20, 20, 20, 0, 4, 1),
(3, 'dept:1', 'IV-2024-003', '高价值资产专项盘点', 'SPECIAL', 'PENDING', '1,4,6', '2024-11-01', '2024-11-30', 15, 0, 0, 0, 5, 1)
ON DUPLICATE KEY UPDATE task_name = VALUES(task_name), status = VALUES(status), scanned_count = VALUES(scanned_count);

INSERT INTO inventory_detail (id, task_id, tenant_id, asset_id, rfid_tag, status, expected_location, actual_location, scan_time, remark) VALUES
(1, 1, 'dept:1', 1, 'RFID-ASSET-001', 'MATCHED', '北京总部-IT部', '北京总部-IT部', '2024-10-15 09:30:00', NULL),
(2, 1, 'dept:1', 2, 'RFID-ASSET-002', 'MATCHED', '北京总部-IT部', '北京总部-IT部', '2024-10-15 09:35:00', NULL),
(3, 1, 'dept:1', 4, 'RFID-ASSET-004', 'MATCHED', '北京总部-机房', '北京总部-机房', '2024-10-15 10:00:00', NULL),
(4, 1, 'dept:1', 5, 'RFID-ASSET-005', 'MATCHED', '北京总部-机房', '北京总部-机房', '2024-10-15 10:05:00', NULL),
(5, 1, 'dept:1', 15, 'RFID-ASSET-015', 'MATCHED', '北京总部-财务部', '北京总部-财务部', '2024-10-16 09:00:00', NULL),
(6, 1, 'dept:1', 6, 'RFID-ASSET-006', 'MISMATCH', '北京总部-行政部', '北京总部-会议室', '2024-10-16 09:30:00', '打印机被移至会议室'),
(7, 1, 'dept:1', 9, 'RFID-ASSET-009', 'MATCHED', '北京总部-停车场', '北京总部-停车场', '2024-10-16 10:00:00', NULL),
(8, 1, 'dept:1', 44, 'RFID-ASSET-044', 'LOSS', '北京总部-仓库', NULL, NULL, '已报废路由器可能已被移除'),
(9, 1, 'dept:1', 21, 'RFID-ASSET-021', 'MATCHED', '北京总部-资产库', '北京总部-资产库', '2024-10-17 09:00:00', NULL),
(10, 1, 'dept:1', 36, 'RFID-ASSET-036', 'LOSS', '武汉分公司-资产库', NULL, NULL, '待分配笔记本未找到'),
(11, 2, 'dept:1', 1, 'RFID-ASSET-001', 'MATCHED', '北京总部-IT部', '北京总部-IT部', '2024-07-05 09:00:00', NULL),
(12, 2, 'dept:1', 2, 'RFID-ASSET-002', 'MATCHED', '北京总部-IT部', '北京总部-IT部', '2024-07-05 09:05:00', NULL),
(13, 2, 'dept:1', 4, 'RFID-ASSET-004', 'MATCHED', '北京总部-机房', '北京总部-机房', '2024-07-05 09:30:00', NULL),
(14, 2, 'dept:1', 14, 'RFID-ASSET-014', 'MATCHED', '北京总部-机房', '北京总部-机房', '2024-07-05 09:35:00', NULL),
(15, 2, 'dept:1', 11, 'RFID-ASSET-011', 'MATCHED', '上海分公司-机房', '上海分公司-机房', '2024-07-10 09:00:00', NULL)
ON DUPLICATE KEY UPDATE status = VALUES(status), actual_location = VALUES(actual_location);
